AssetManufacture,AssetModel,AssetNumber,AssetSerialNumber,AssetPartNumber,AssetTypeName,PriorityName,AssetHostName,AssetOS,AssetCPU,AssetRam,AssetHarddisk,AssetIPAddress,AssetMAC,AssetDetail,Remark,AssetLocation,Status,BuyingName,AssetPO,AssetRegisterDate,AssetBuyDate,AssetPriceEx,AssetVAT,AssetVATValue,AssetPrice,AssetAccumulatedDepreciation,AssetSalvageValue,AssetWriteOffDate,NumOfMonthWarranty,AssetStartWarrantyDate,AssetEndWarrantyDate,AssetQuantity,Branch,Zone,Supplier,Owner,CostCenter,CostType,Company,Department,AssetLatLong,AssetGoogleMapUrl
Badger,B10V-1,100B01-FP-FECO-B1.FL-0001,-,,Fire Extinguisher Carbon Dioxide,,,,,,,,,Fire Extinguisher Carbon Dioxide No.1,,ชั้น B1 | ตู้ดับเพลิงหน้าลิฟต์ LP-9,,,,,,,,,,,,,,,,,โรงพยาบาล 100B - ชั้น B1,,,,,,CRA,,,
Badger,B10V-1,100B01-FP-FECO-B1.FL-0002,-,,Fire Extinguisher Carbon Dioxide,,,,,,,,,Fire Extinguisher Carbon Dioxide No.2,,ชั้น B1 | ตู้ดับเพลิงโถงลิฟต์ดับเพลิง,,,,,,,,,,,,,,,,,โรงพยาบาล 100B - ชั้น B1,,,,,,CRA,,,
Badger,B10V-1,100B01-FP-FECO-B1.FL-0003,H01506761,,Fire Extinguisher Carbon Dioxide,,,,,,,,,Fire Extinguisher Carbon Dioxide No.3,,ชั้น B1 | ตู้ดับเพลิงทางเดินหน้าห้อง CT Simulation,,,,,,,,,,,,,,,,,โรงพยาบาล 100B - ชั้น B1,,,,,,CRA,,,
Badger,B10V-1,100B01-FP-FECO-B1.FL-0004,H01506717,,Fire Extinguisher Carbon Dioxide,,,,,,,,,Fire Extinguisher Carbon Dioxide No.4,,ชั้น B1 | ตู้ดับเพลิงหน้าแผนกเวชศาสตร์นิวเคลียร์,,,,,,,,,,,,,,,,,โรงพยาบาล 100B - ชั้น B1,,,,,,CRA,,,
Badger,B10V,100B01-FP-FECO-B1.FL-0005,AB-622241,,Fire Extinguisher Carbon Dioxide,,,,,,,,,Fire Extinguisher Carbon Dioxide No.5,,ชั้น B1 | ห้องผสมยาเวชศาสตร์นิวเคลียร์,,,,,,,,,,,,,,,,,โรงพยาบาล 100B - ชั้น B1,,,,,,CRA,,,
Badger,B10V,100B01-FP-FECO-B1.FL-0006,-,,Fire Extinguisher Carbon Dioxide,,,,,,,,,Fire Extinguisher Carbon Dioxide No.6,,ชั้น B1 | ห้องฟิสิกส์ข้างห้อง MRI,,,,,,,,,,,,,,,,,โรงพยาบาล 100B - ชั้น B1,,,,,,CRA,,,
Badger,B10V,100B01-FP-FECO-B1.FL-0007,AA-142875,,Fire Extinguisher Carbon Dioxide,,,,,,,,,Fire Extinguisher Carbon Dioxide No.7,,ชั้น B1 | ห้อง UPS ข้างห้อง CT Simulation,,,,,,,,,,,,,,,,,โรงพยาบาล 100B - ชั้น B1,,,,,,CRA,,,
Badger,B10V,100B01-FP-FECO-B1.FL-0008,AA-142852,,Fire Extinguisher Carbon Dioxide,,,,,,,,,Fire Extinguisher Carbon Dioxide No.8,,ชั้น B1 | ห้อง UPS ข้างห้อง CT Simulation,,,,,,,,,,,,,,,,,โรงพยาบาล 100B - ชั้น B1,,,,,,CRA,,,
Badger,B10V,100B01-FP-FECO-B1.FL-0009,AA-142848,,Fire Extinguisher Carbon Dioxide,,,,,,,,,Fire Extinguisher Carbon Dioxide No.9,,ชั้น B1 | หน้าห้อง Control Linac 1,,,,,,,,,,,,,,,,,โรงพยาบาล 100B - ชั้น B1,,,,,,CRA,,,
Buckeye,456 10 CD,100B01-FP-FECO-B1.FL-0010,AC-281012,,Fire Extinguisher Carbon Dioxide,,,,,,,,,Fire Extinguisher Carbon Dioxide No.10,,ชั้น B1 | หน้าห้อง Control Linac 2,,,,,,,,,,,,,,,,,โรงพยาบาล 100B - ชั้น B1,,,,,,CRA,,,
Badger,B10V,100B01-FP-FECO-B1.FL-0011,AA-142849,,Fire Extinguisher Carbon Dioxide,,,,,,,,,Fire Extinguisher Carbon Dioxide No.11,,ชั้น B1 | หน้าห้องควบคุมการใส่แร่,,,,,,,,,,,,,,,,,โรงพยาบาล 100B - ชั้น B1,,,,,,CRA,,,
Badger,B10V,100B01-FP-FECO-B1.FL-0012,-,,Fire Extinguisher Carbon Dioxide,,,,,,,,,Fire Extinguisher Carbon Dioxide No.12,,ชั้น B1 | หน้าห้องควบคุมการใส่แร่,,,,,,,,,,,,,,,,,โรงพยาบาล 100B - ชั้น B1,,,,,,CRA,,,
Badger,B10V-1,100B01-FP-FECO-B1.FL-0013,H01506768,,Fire Extinguisher Carbon Dioxide,,,,,,,,,Fire Extinguisher Carbon Dioxide No.13,,ชั้น B1 | หน้าห้อง Work Shop,,,,,,,,,,,,,,,,,โรงพยาบาล 100B - ชั้น B1,,,,,,CRA,,,
Badger,B10V,100B01-FP-FECO-B1.FL-0014,Z-907484,,Fire Extinguisher Carbon Dioxide,,,,,,,,,Fire Extinguisher Carbon Dioxide No.14,,ชั้น B1 | ห้องเครื่องสูบน้ำ,,,,,,,,,,,,,,,,,โรงพยาบาล 100B - ชั้น B1,,,,,,CRA,,,
Badger,B10V-1,100B01-FP-FECO-1.FL-0001,-,,Fire Extinguisher Carbon Dioxide,,,,,,,,,Fire Extinguisher Carbon Dioxide No.15,,ชั้น 1 | ตู้ดับเพลิงในโถงลิฟต์ดับเพลิง,,,,,,,,,,,,,,,,,โรงพยาบาล 100B - ชั้น 1,,,,,,CRA,,,
Badger,B10V-1,100B01-FP-FECO-1.FL-0002,-,,Fire Extinguisher Carbon Dioxide,,,,,,,,,Fire Extinguisher Carbon Dioxide No.16,,ชั้น 1 | ตู้ดับเพลิงหน้าบันไดหนีไฟ ST-2,,,,,,,,,,,,,,,,,โรงพยาบาล 100B - ชั้น 1,,,,,,CRA,,,
Badger,B10V-1,100B01-FP-FECO-1.FL-0003,-,,Fire Extinguisher Carbon Dioxide,,,,,,,,,Fire Extinguisher Carbon Dioxide No.17,,ชั้น 1 | ตู้ข้างห้องควบคุมระบบบำบัดน้ำเสีย,,,,,,,,,,,,,,,,,โรงพยาบาล 100B - ชั้น 1,,,,,,CRA,,,
Badger,B10V-1,100B01-FP-FECO-1.FL-0004,H01506721,,Fire Extinguisher Carbon Dioxide,,,,,,,,,Fire Extinguisher Carbon Dioxide No.18,,ชั้น 1 | ตู้ดับเพลิงด้านหน้าอาคารติดกับแผนก ER,,,,,,,,,,,,,,,,,โรงพยาบาล 100B - ชั้น 1,,,,,,CRA,,,
Buckeye,456 10 CD,100B01-FP-FECO-1.FL-0005,AC-280713,,Fire Extinguisher Carbon Dioxide,,,,,,,,,Fire Extinguisher Carbon Dioxide No.19,,ชั้น 1 | ภายในแผนก ER หน้าห้องซักล้าง,,,,,,,,,,,,,,,,,โรงพยาบาล 100B - ชั้น 1,,,,,,CRA,,,
Badger,B10V,100B01-FP-FECO-1.FL-0006,Z-855235,,Fire Extinguisher Carbon Dioxide,,,,,,,,,Fire Extinguisher Carbon Dioxide No.20,,ชั้น 1 | ทางเดินส่วนกลางข้างประตูหนีไฟ ST-2,,,,,,,,,,,,,,,,,โรงพยาบาล 100B - ชั้น 1,,,,,,CRA,,,
Buckeye,456 10 CD,100B01-FP-FECO-1.FL-0007,-,,Fire Extinguisher Carbon Dioxide,,,,,,,,,Fire Extinguisher Carbon Dioxide No.21,,ชั้น 1 | ห้องระบบก๊าซทางการแพทย์,,,,,,,,,,,,,,,,,โรงพยาบาล 100B - ชั้น 1,,,,,,CRA,,,
Buckeye,456 10 CD,100B01-FP-FECO-1.FL-0008,AC-198592,,Fire Extinguisher Carbon Dioxide,,,,,,,,,Fire Extinguisher Carbon Dioxide No.22,,ชั้น 1 | ห้องเก็บก๊าซทางการแพทย์,,,,,,,,,,,,,,,,,โรงพยาบาล 100B - ชั้น 1,,,,,,CRA,,,
Badger,B10V-1,100B01-FP-FECO-2.FL-0001,-,,Fire Extinguisher Carbon Dioxide,,,,,,,,,Fire Extinguisher Carbon Dioxide No.23,,ชั้น 2 | ตู้ดับเพลิงโถงลิฟต์ดับเพลิง,,,,,,,,,,,,,,,,,โรงพยาบาล 100B - ชั้น 2,,,,,,CRA,,,
Badger,B10V-1,100B01-FP-FECO-2.FL-0002,H01506701,,Fire Extinguisher Carbon Dioxide,,,,,,,,,Fire Extinguisher Carbon Dioxide No.24,,ชั้น 2 | ตู้ดับเพลิงหน้าแผนกการเงิน,,,,,,,,,,,,,,,,,โรงพยาบาล 100B - ชั้น 2,,,,,,CRA,,,
Badger,B10V-1,100B01-FP-FECO-2.FL-0003,H01506709,,Fire Extinguisher Carbon Dioxide,,,,,,,,,Fire Extinguisher Carbon Dioxide No.25,,ชั้น 2 | ตู้ดับเพลิงหน้าบันไดหนีไฟ ST-3,,,,,,,,,,,,,,,,,โรงพยาบาล 100B - ชั้น 2,,,,,,CRA,,,
Badger,B10V-1,100B01-FP-FECO-2.FL-0004,-,,Fire Extinguisher Carbon Dioxide,,,,,,,,,Fire Extinguisher Carbon Dioxide No.26,,ชั้น 2 | ตู้ดับเพลิงหน้าบันไดหนีไฟ ST-4 แผนกทันกรรม,,,,,,,,,,,,,,,,,โรงพยาบาล 100B - ชั้น 2,,,,,,CRA,,,
Buckeye,456 10 CD,100B01-FP-FECO-2.FL-0005,AC-280716,,Fire Extinguisher Carbon Dioxide,,,,,,,,,Fire Extinguisher Carbon Dioxide No.27,,ชั้น 2 | หน้าแผนกรับ - ส่ง ต่อผู้ป่วย,,,,,,,,,,,,,,,,,โรงพยาบาล 100B - ชั้น 2,,,,,,CRA,,,
Buckeye,456 10 CD,100B01-FP-FECO-2.FL-0006,AC-280710,,Fire Extinguisher Carbon Dioxide,,,,,,,,,Fire Extinguisher Carbon Dioxide No.28,,ชั้น 2 | หน้าทางเข้าแผนกกุมารเวช (เดิม),,,,,,,,,,,,,,,,,โรงพยาบาล 100B - ชั้น 2,,,,,,CRA,,,
Badger,B10V-1,100B01-FP-FECO-3.FL-0001,-,,Fire Extinguisher Carbon Dioxide,,,,,,,,,Fire Extinguisher Carbon Dioxide No.29,,ชั้น 3 | ตู้ดับเพลิงโถงลิฟต์ดับเพลิง,,,,,,,,,,,,,,,,,โรงพยาบาล 100B - ชั้น 3,,,,,,CRA,,,
Badger,B10V-1,100B01-FP-FECO-3.FL-0002,-,,Fire Extinguisher Carbon Dioxide,,,,,,,,,Fire Extinguisher Carbon Dioxide No.30,,ชั้น 3 | ตู้ดับเพลิงหน้าบันไดหนีไฟ ST-2,,,,,,,,,,,,,,,,,โรงพยาบาล 100B - ชั้น 3,,,,,,CRA,,,
Badger,B10V-1,100B01-FP-FECO-3.FL-0003,-,,Fire Extinguisher Carbon Dioxide,,,,,,,,,Fire Extinguisher Carbon Dioxide No.31,,ชั้น 3 | ตู้ดับเพลิงหน้าบันไดหนีไฟ ST-3,,,,,,,,,,,,,,,,,โรงพยาบาล 100B - ชั้น 3,,,,,,CRA,,,
Badger,B10V-1,100B01-FP-FECO-3.FL-0004,-,,Fire Extinguisher Carbon Dioxide,,,,,,,,,Fire Extinguisher Carbon Dioxide No.32,,ชั้น 3 | ตู้ดับเพลิงหน้าบันไดหนีไฟ ST-4,,,,,,,,,,,,,,,,,โรงพยาบาล 100B - ชั้น 3,,,,,,CRA,,,
Buckeye,456 10 CD,100B01-FP-FECO-3.FL-0005,AC-280711,,Fire Extinguisher Carbon Dioxide,,,,,,,,,Fire Extinguisher Carbon Dioxide No.33,,ชั้น 3 | ภายในแผนกเคมีบำบัด,,,,,,,,,,,,,,,,,โรงพยาบาล 100B - ชั้น 3,,,,,,CRA,,,
Saturn,10 lbs,100B01-FP-FECO-3.FL-0006,-,,Fire Extinguisher Carbon Dioxide,,,,,,,,,Fire Extinguisher Carbon Dioxide No.34,,ชั้น 3 | แผนก OPD 3B ติดทางหนีไฟ ST-1,,,,,,,,,,,,,,,,,โรงพยาบาล 100B - ชั้น 3,,,,,,CRA,,,
Badger,B10V-1,100B01-FP-FECO-4.FL-0001,-,,Fire Extinguisher Carbon Dioxide,,,,,,,,,Fire Extinguisher Carbon Dioxide No.35,,ชั้น 4 | ตู้ดับเพลิงหน้าบันไดหนีไฟ ST-3,,,,,,,,,,,,,,,,,โรงพยาบาล 100B - ชั้น 4,,,,,,CRA,,,
Badger,B10V-1,100B01-FP-FECO-4.FL-0002,-,,Fire Extinguisher Carbon Dioxide,,,,,,,,,Fire Extinguisher Carbon Dioxide No.36,,ชั้น 4 | ตู้ดับเพลิงหน้าบันไดหนีไฟ ST-4,,,,,,,,,,,,,,,,,โรงพยาบาล 100B - ชั้น 4,,,,,,CRA,,,
-,-,100B01-FP-FECO-4.FL-0003,-,,Fire Extinguisher Carbon Dioxide,,,,,,,,,Fire Extinguisher Carbon Dioxide No.37,,ชั้น 4 | หน้าห้องน้ำหญิงภายในแผนก X-ray,,,,,,,,,,,,,,,,,โรงพยาบาล 100B - ชั้น 4,,,,,,CRA,,,
-,-,100B01-FP-FECO-4.FL-0004,-,,Fire Extinguisher Carbon Dioxide,,,,,,,,,Fire Extinguisher Carbon Dioxide No.38,,ชั้น 4 | ประตูทางเดินออกแผนก X-ray ติดห้องพักเจ้าหน้าที่,,,,,,,,,,,,,,,,,โรงพยาบาล 100B - ชั้น 4,,,,,,CRA,,,
Badger,B10V-1,100B01-FP-FECO-5.FL-0001,-,,Fire Extinguisher Carbon Dioxide,,,,,,,,,Fire Extinguisher Carbon Dioxide No.39,,ชั้น 5 | ตู้ดับเพลิงโถงลิฟต์ดับเพลิง,,,,,,,,,,,,,,,,,โรงพยาบาล 100B - ชั้น 5,,,,,,CRA,,,
Badger,B10V-1,100B01-FP-FECO-5.FL-0002,-,,Fire Extinguisher Carbon Dioxide,,,,,,,,,Fire Extinguisher Carbon Dioxide No.40,,ชั้น 5 | ตู้ดับเพลิงหน้าบันไดหนีไฟ ST-2,,,,,,,,,,,,,,,,,โรงพยาบาล 100B - ชั้น 5,,,,,,CRA,,,
Badger,B10V-1,100B01-FP-FECO-5.FL-0003,-,,Fire Extinguisher Carbon Dioxide,,,,,,,,,Fire Extinguisher Carbon Dioxide No.41,,ชั้น 5 | ตู้ดับเพลิงหน้าบันไดหนีไฟ ST-3,,,,,,,,,,,,,,,,,โรงพยาบาล 100B - ชั้น 5,,,,,,CRA,,,
Badger,B10V-1,100B01-FP-FECO-5.FL-0004,-,,Fire Extinguisher Carbon Dioxide,,,,,,,,,Fire Extinguisher Carbon Dioxide No.42,,ชั้น 5 | ตู้ดับเพลิงหน้าบันไดหนีไฟ ST-4,,,,,,,,,,,,,,,,,โรงพยาบาล 100B - ชั้น 5,,,,,,CRA,,,
-,-,100B01-FP-FECO-5.FL-0005,-,,Fire Extinguisher Carbon Dioxide,,,,,,,,,Fire Extinguisher Carbon Dioxide No.43,,ชั้น 5 | โถง Lobby,,,,,,,,,,,,,,,,,โรงพยาบาล 100B - ชั้น 5,,,,,,CRA,,,
Badger,B10V,100B01-FP-FECO-5.FL-0006,Z-90741,,Fire Extinguisher Carbon Dioxide,,,,,,,,,Fire Extinguisher Carbon Dioxide No.44,,ชั้น 5 | ห้องแล็ปกลาง / หน้าห้องปฏิบัติการพยาธิวิทยา,,,,,,,,,,,,,,,,,โรงพยาบาล 100B - ชั้น 5,,,,,,CRA,,,
Badger,B10V-1,100B01-FP-FECO-6.FL-0001,H01506769,,Fire Extinguisher Carbon Dioxide,,,,,,,,,Fire Extinguisher Carbon Dioxide No.45,,ชั้น 6 | ตู้ดับเพลิงโถงลิฟต์ดับเพลิง,,,,,,,,,,,,,,,,,โรงพยาบาล 100B - ชั้น 6,,,,,,CRA,,,
-,-,100B01-FP-FECO-6.FL-0002,-,,Fire Extinguisher Carbon Dioxide,,,,,,,,,Fire Extinguisher Carbon Dioxide No.46,,ชั้น 6 | ตู้ดับเพลิงหน้าบันไดหนีไฟ ST-2,,,,,,,,,,,,,,,,,โรงพยาบาล 100B - ชั้น 6,,,,,,CRA,,,
Budger,B10V-1,100B01-FP-FECO-6.FL-0003,H01506720,,Fire Extinguisher Carbon Dioxide,,,,,,,,,Fire Extinguisher Carbon Dioxide No.47,,ชั้น 6 | ตู้ดับเพลิงหน้าบันไดหนีไฟ ST-3,,,,,,,,,,,,,,,,,โรงพยาบาล 100B - ชั้น 6,,,,,,CRA,,,
Badger,B10V-1,100B01-FP-FECO-6.FL-0004,H01506714,,Fire Extinguisher Carbon Dioxide,,,,,,,,,Fire Extinguisher Carbon Dioxide No.48,,ชั้น 6 | ตู้ดับเพลิงหน้าบันไดหนีไฟ ST-4,,,,,,,,,,,,,,,,,โรงพยาบาล 100B - ชั้น 6,,,,,,CRA,,,
Buckeye,456 10 CD,100B01-FP-FECO-6.FL-0005,AC-280712,,Fire Extinguisher Carbon Dioxide,,,,,,,,,Fire Extinguisher Carbon Dioxide No.49,,ชั้น 6 | แผนก ICU ติดประตูฝั่งห้องพักเจ้าหน้าที่,,,,,,,,,,,,,,,,,โรงพยาบาล 100B - ชั้น 6,,,,,,CRA,,,
Buckeye,456 10 CD,100B01-FP-FECO-6.FL-0006,AC-280754,,Fire Extinguisher Carbon Dioxide,,,,,,,,,Fire Extinguisher Carbon Dioxide No.50,,ชั้น 6 | แผนก ICU ติดประตูทางเข้า - ออก ,,,,,,,,,,,,,,,,,โรงพยาบาล 100B - ชั้น 6,,,,,,CRA,,,
Buckeye,456 10 CD,100B01-FP-FECO-6.FL-0007,AC-280696,,Fire Extinguisher Carbon Dioxide,,,,,,,,,Fire Extinguisher Carbon Dioxide No.51,,ชั้น 6 | หน้าตู้ FHC 6-3,,,,,,,,,,,,,,,,,โรงพยาบาล 100B - ชั้น 6,,,,,,CRA,,,
Buckeye,456 10 CD,100B01-FP-FECO-6.FL-0008,AC-280741,,Fire Extinguisher Carbon Dioxide,,,,,,,,,Fire Extinguisher Carbon Dioxide No.52,,ชั้น 6 | หน้าตู้ FHC 6-3,,,,,,,,,,,,,,,,,โรงพยาบาล 100B - ชั้น 6,,,,,,CRA,,,
Badger,B10V,100B01-FP-FECO-6A.FL-0001,Z-907481,,Fire Extinguisher Carbon Dioxide,,,,,,,,,Fire Extinguisher Carbon Dioxide No.53,,ชั้น 6A | ประตูทางเข้าชั้นลอย,,,,,,,,,,,,,,,,,โรงพยาบาล 100B - ชั้น 6,,,,,,CRA,,,
Badger,B10V-1,100B01-FP-FECO-7.FL-0001,H01506780,,Fire Extinguisher Carbon Dioxide,,,,,,,,,Fire Extinguisher Carbon Dioxide No.54,,ชั้น 7 | ตู้ดับเพลิงโถงลิฟต์ดับเพลิง,,,,,,,,,,,,,,,,,โรงพยาบาล 100B - ชั้น 7,,,,,,CRA,,,
Badger,B10V-1,100B01-FP-FECO-7.FL-0002,H01506718,,Fire Extinguisher Carbon Dioxide,,,,,,,,,Fire Extinguisher Carbon Dioxide No.55,,ชั้น 7 | ตู้ดับเพลิงหน้าบันไดหนีไฟ ST-2,,,,,,,,,,,,,,,,,โรงพยาบาล 100B - ชั้น 7,,,,,,CRA,,,
Badger,B10V-1,100B01-FP-FECO-7.FL-0003,H01506775,,Fire Extinguisher Carbon Dioxide,,,,,,,,,Fire Extinguisher Carbon Dioxide No.56,,ชั้น 7 | ตู้ดับเพลิงหน้าบันไดหนีไฟ ST-3,,,,,,,,,,,,,,,,,โรงพยาบาล 100B - ชั้น 7,,,,,,CRA,,,
Badger,B10V-1,100B01-FP-FECO-7.FL-0004,H01506698,,Fire Extinguisher Carbon Dioxide,,,,,,,,,Fire Extinguisher Carbon Dioxide No.57,,ชั้น 7 | ตู้ดับเพลิงหน้าบันไดหนีไฟ ST-4,,,,,,,,,,,,,,,,,โรงพยาบาล 100B - ชั้น 7,,,,,,CRA,,,
Badger,B10V,100B01-FP-FECO-7.FL-0005,Z-855002,,Fire Extinguisher Carbon Dioxide,,,,,,,,,Fire Extinguisher Carbon Dioxide No.58,,ชั้น 7 | เคาน์เตอร์พยาบาลวอร์ด 7A,,,,,,,,,,,,,,,,,โรงพยาบาล 100B - ชั้น 7,,,,,,CRA,,,
Buckeye,456 10 CD,100B01-FP-FECO-7.FL-0006,AC-280747,,Fire Extinguisher Carbon Dioxide,,,,,,,,,Fire Extinguisher Carbon Dioxide No.59,,ชั้น 7 | ทางเดินวอร์ด 7A ข้างห้อง 721,,,,,,,,,,,,,,,,,โรงพยาบาล 100B - ชั้น 7,,,,,,CRA,,,
Badger,B10V,100B01-FP-FECO-7.FL-0007,Z-907475,,Fire Extinguisher Carbon Dioxide,,,,,,,,,Fire Extinguisher Carbon Dioxide No.60,,ชั้น 7 | ทางเดินไปบันไดหนีไฟ ST-2,,,,,,,,,,,,,,,,,โรงพยาบาล 100B - ชั้น 7,,,,,,CRA,,,
Badger,B10V,100B01-FP-FECO-7.FL-0008,Z-907479,,Fire Extinguisher Carbon Dioxide,,,,,,,,,Fire Extinguisher Carbon Dioxide No.61,,ชั้น 7 | ทางเดินวอร์ด 7B ข้างห้อง 707,,,,,,,,,,,,,,,,,โรงพยาบาล 100B - ชั้น 7,,,,,,CRA,,,
Buckeye,456 10 CD,100B01-FP-FECO-7.FL-0009,AC280737,,Fire Extinguisher Carbon Dioxide,,,,,,,,,Fire Extinguisher Carbon Dioxide No.62,,ชั้น 7 | ทางเดินวอร์ด 7B ข้างห้อง 708,,,,,,,,,,,,,,,,,โรงพยาบาล 100B - ชั้น 7,,,,,,CRA,,,
Badger,B10V-1,100B01-FP-FECO-8.FL-0001,H01506704,,Fire Extinguisher Carbon Dioxide,,,,,,,,,Fire Extinguisher Carbon Dioxide No.63,,ชั้น 8 | ตู้ดับเพลิงโถงลิฟต์ดับเพลิง,,,,,,,,,,,,,,,,,โรงพยาบาล 100B - ชั้น 8,,,,,,CRA,,,
Badger,B10V-1,100B01-FP-FECO-8.FL-0002,H01506694,,Fire Extinguisher Carbon Dioxide,,,,,,,,,Fire Extinguisher Carbon Dioxide No.64,,ชั้น 8 | ตู้ดับเพลิงหน้าบันไดหนีไฟ ST-2,,,,,,,,,,,,,,,,,โรงพยาบาล 100B - ชั้น 8,,,,,,CRA,,,
Badger,B10V-1,100B01-FP-FECO-8.FL-0003,H01506719,,Fire Extinguisher Carbon Dioxide,,,,,,,,,Fire Extinguisher Carbon Dioxide No.65,,ชั้น 8 | ตู้ดับเพลิงหน้าบันไดหนีไฟ ST-3,,,,,,,,,,,,,,,,,โรงพยาบาล 100B - ชั้น 8,,,,,,CRA,,,
Badger,B10V-1,100B01-FP-FECO-8.FL-0004,H01506706,,Fire Extinguisher Carbon Dioxide,,,,,,,,,Fire Extinguisher Carbon Dioxide No.66,,ชั้น 8 | ตู้ดับเพลิงหน้าบันไดหนีไฟ ST-4,,,,,,,,,,,,,,,,,โรงพยาบาล 100B - ชั้น 8,,,,,,CRA,,,
Buckeye,455 10 CD,100B01-FP-FECO-8.FL-0005,AC-198254,,Fire Extinguisher Carbon Dioxide,,,,,,,,,Fire Extinguisher Carbon Dioxide No.67,,ชั้น 8 | ทางเดินวอร์ด 8A ข้างห้อง 817,,,,,,,,,,,,,,,,,โรงพยาบาล 100B - ชั้น 8,,,,,,CRA,,,
Buckeye,455 10 CD,100B01-FP-FECO-8.FL-0006,AC-281013,,Fire Extinguisher Carbon Dioxide,,,,,,,,,Fire Extinguisher Carbon Dioxide No.68,,ชั้น 8 | ทางเดินวอร์ด 8A หน้าชาร์ปน้ำประปาฝั่งเคาน์เตอร์,,,,,,,,,,,,,,,,,โรงพยาบาล 100B - ชั้น 8,,,,,,CRA,,,
Buckeye,455 10 CD,100B01-FP-FECO-8.FL-0007,AC-280750,,Fire Extinguisher Carbon Dioxide,,,,,,,,,Fire Extinguisher Carbon Dioxide No.69,,ชั้น 8 | ทางเดินวอร์ด 8A ข้างห้อง 826,,,,,,,,,,,,,,,,,โรงพยาบาล 100B - ชั้น 8,,,,,,CRA,,,
Buckeye,455 10 CD,100B01-FP-FECO-8.FL-0008,AC-281047,,Fire Extinguisher Carbon Dioxide,,,,,,,,,Fire Extinguisher Carbon Dioxide No.70,,ชั้น 8 | ทางเดินวอร์ด 8B ข้างห้อง 812,,,,,,,,,,,,,,,,,โรงพยาบาล 100B - ชั้น 8,,,,,,CRA,,,
Buckeye,456 10 CD,100B01-FP-FECO-8.FL-0009,AC-281014,,Fire Extinguisher Carbon Dioxide,,,,,,,,,Fire Extinguisher Carbon Dioxide No.71,,ชั้น 8 | ทางเดินวอร์ด 8B ข้างห้อง 806,,,,,,,,,,,,,,,,,โรงพยาบาล 100B - ชั้น 8,,,,,,CRA,,,
Buckeye,457 10 CD,100B01-FP-FECO-8.FL-0010,AC-280721,,Fire Extinguisher Carbon Dioxide,,,,,,,,,Fire Extinguisher Carbon Dioxide No.72,,ชั้น 8 | เคาน์เตอร์ วอร์ด 8B,,,,,,,,,,,,,,,,,โรงพยาบาล 100B - ชั้น 8,,,,,,CRA,,,
Badger,B10V-1,100B01-FP-FECO-9.FL-0001,H01506702,,Fire Extinguisher Carbon Dioxide,,,,,,,,,Fire Extinguisher Carbon Dioxide No.73,,ชั้น 9 | ตู้ดับเพลิงโถงลิฟต์ดับเพลิง,,,,,,,,,,,,,,,,,โรงพยาบาล 100B - ชั้น 9,,,,,,CRA,,,
Badger,B10V-1,100B01-FP-FECO-9.FL-0002,H01506695,,Fire Extinguisher Carbon Dioxide,,,,,,,,,Fire Extinguisher Carbon Dioxide No.74,,ชั้น 9 | ตู้ดับเพลิงหน้าบันไดหนีไฟ ST-2,,,,,,,,,,,,,,,,,โรงพยาบาล 100B - ชั้น 9,,,,,,CRA,,,
Badger,B10V-1,100B01-FP-FECO-9.FL-0003,H01506707,,Fire Extinguisher Carbon Dioxide,,,,,,,,,Fire Extinguisher Carbon Dioxide No.75,,ชั้น 9 | ตู้ดับเพลิงหน้าบันไดหนีไฟ ST-3,,,,,,,,,,,,,,,,,โรงพยาบาล 100B - ชั้น 9,,,,,,CRA,,,
Badger,B10V-1,100B01-FP-FECO-9.FL-0004,H01506779,,Fire Extinguisher Carbon Dioxide,,,,,,,,,Fire Extinguisher Carbon Dioxide No.76,,ชั้น 9 | ตู้ดับเพลิงหน้าบันไดหนีไฟ ST-4,,,,,,,,,,,,,,,,,โรงพยาบาล 100B - ชั้น 9,,,,,,CRA,,,
Badger,B10V,100B01-FP-FECO-9.FL-0005,Z-855223,,Fire Extinguisher Carbon Dioxide,,,,,,,,,Fire Extinguisher Carbon Dioxide No.77,,ชั้น 9 | แผนกสตรี หน้าห้องคลังเนื้อเยื่อ 3 ,,,,,,,,,,,,,,,,,โรงพยาบาล 100B - ชั้น 9,,,,,,CRA,,,
Buckeye,456 10 CD,100B01-FP-FECO-9.FL-0006,AC-280753,,Fire Extinguisher Carbon Dioxide,,,,,,,,,Fire Extinguisher Carbon Dioxide No.78,,ชั้น 9 | แผนกสตรี หน้าห้องหัตถการ,,,,,,,,,,,,,,,,,โรงพยาบาล 100B - ชั้น 9,,,,,,CRA,,,
Buckeye,456 10 CD,100B01-FP-FECO-9.FL-0007,AC-280642,,Fire Extinguisher Carbon Dioxide,,,,,,,,,Fire Extinguisher Carbon Dioxide No.79,,ชั้น 9 | แผนกสตรี หน้าห้องตรวจ 9,,,,,,,,,,,,,,,,,โรงพยาบาล 100B - ชั้น 9,,,,,,CRA,,,
Buckeye,456 10 CD,100B01-FP-FECO-9.FL-0008,AC-280700,,Fire Extinguisher Carbon Dioxide,,,,,,,,,Fire Extinguisher Carbon Dioxide No.80,,ชั้น 9 | หน้าตู้ FHC 9-3,,,,,,,,,,,,,,,,,โรงพยาบาล 100B - ชั้น 9,,,,,,CRA,,,
-,-,100B01-FP-FECO-10.FL-0001,-,,Fire Extinguisher Carbon Dioxide,,,,,,,,,Fire Extinguisher Carbon Dioxide No.81,,ชั้น 10 | ,,,,,,,,,,,,,,,,,โรงพยาบาล 100B - ชั้น 10,,,,,,CRA,,,
-,-,100B01-FP-FECO-10.FL-0002,-,,Fire Extinguisher Carbon Dioxide,,,,,,,,,Fire Extinguisher Carbon Dioxide No.82,,ชั้น 10 | ,,,,,,,,,,,,,,,,,โรงพยาบาล 100B - ชั้น 10,,,,,,CRA,,,
-,-,100B01-FP-FECO-10.FL-0003,-,,Fire Extinguisher Carbon Dioxide,,,,,,,,,Fire Extinguisher Carbon Dioxide No.83,,ชั้น 10 | ,,,,,,,,,,,,,,,,,โรงพยาบาล 100B - ชั้น 10,,,,,,CRA,,,
-,-,100B01-FP-FECO-10.FL-0004,-,,Fire Extinguisher Carbon Dioxide,,,,,,,,,Fire Extinguisher Carbon Dioxide No.84,,ชั้น 10 | ,,,,,,,,,,,,,,,,,โรงพยาบาล 100B - ชั้น 10,,,,,,CRA,,,
-,-,100B01-FP-FECO-10.FL-0005,-,,Fire Extinguisher Carbon Dioxide,,,,,,,,,Fire Extinguisher Carbon Dioxide No.85,,ชั้น 10 | ,,,,,,,,,,,,,,,,,โรงพยาบาล 100B - ชั้น 10,,,,,,CRA,,,
-,-,100B01-FP-FECO-10.FL-0006,-,,Fire Extinguisher Carbon Dioxide,,,,,,,,,Fire Extinguisher Carbon Dioxide No.86,,ชั้น 10 | ,,,,,,,,,,,,,,,,,โรงพยาบาล 100B - ชั้น 10,,,,,,CRA,,,
-,-,100B01-FP-FECO-10.FL-0007,-,,Fire Extinguisher Carbon Dioxide,,,,,,,,,Fire Extinguisher Carbon Dioxide No.87,,ชั้น 10 | ,,,,,,,,,,,,,,,,,โรงพยาบาล 100B - ชั้น 10,,,,,,CRA,,,
-,-,100B01-FP-FECO-10.FL-0008,-,,Fire Extinguisher Carbon Dioxide,,,,,,,,,Fire Extinguisher Carbon Dioxide No.88,,ชั้น 10 | ,,,,,,,,,,,,,,,,,โรงพยาบาล 100B - ชั้น 10,,,,,,CRA,,,
Badger,B10V-1,100B01-FP-FECO-11.FL-0001,H01506692,,Fire Extinguisher Carbon Dioxide,,,,,,,,,Fire Extinguisher Carbon Dioxide No.89,,ชั้น 11 | ตู้ดับเพลิงโถงลิฟต์ดับเพลิง,,,,,,,,,,,,,,,,,โรงพยาบาล 100B - ชั้น 11,,,,,,CRA,,,
Badger,B10V-1,100B01-FP-FECO-11.FL-0002,H01506716,,Fire Extinguisher Carbon Dioxide,,,,,,,,,Fire Extinguisher Carbon Dioxide No.90,,ชั้น 11 | ตู้ดับเพลิงหน้าบันไดหนีไฟ ST-2,,,,,,,,,,,,,,,,,โรงพยาบาล 100B - ชั้น 11,,,,,,CRA,,,
Badger,B10V-1,100B01-FP-FECO-11.FL-0003,H01506777,,Fire Extinguisher Carbon Dioxide,,,,,,,,,Fire Extinguisher Carbon Dioxide No.91,,ชั้น 11 | ตู้ดับเพลิงหน้าบันไดหนีไฟ ST-3,,,,,,,,,,,,,,,,,โรงพยาบาล 100B - ชั้น 11,,,,,,CRA,,,
Total Fire ,4.6 KGS.,100B01-FP-FECO-11.FL-0004,-,,Fire Extinguisher Carbon Dioxide,,,,,,,,,Fire Extinguisher Carbon Dioxide No.92,,ชั้น 11 | ตู้ดับเพลิงหน้าบันไดหนีไฟ ST-4,,,,,,,,,,,,,,,,,โรงพยาบาล 100B - ชั้น 11,,,,,,CRA,,,
Buckeye,456 10 CD,100B01-FP-FECO-11.FL-0005,AC-280703,,Fire Extinguisher Carbon Dioxide,,,,,,,,,Fire Extinguisher Carbon Dioxide No.93,,ชั้น 11 | หน้าโต๊ะ รปภ. ,,,,,,,,,,,,,,,,,โรงพยาบาล 100B - ชั้น 11,,,,,,CRA,,,
Buckeye,456 10 CD,100B01-FP-FECO-11.FL-0006,AC-280751,,Fire Extinguisher Carbon Dioxide,,,,,,,,,Fire Extinguisher Carbon Dioxide No.94,,ชั้น 11 | ข้างห้อง ผอ.,,,,,,,,,,,,,,,,,โรงพยาบาล 100B - ชั้น 11,,,,,,CRA,,,
Buckeye,456 10 CD,100B01-FP-FECO-11.FL-0007,AC-280854,,Fire Extinguisher Carbon Dioxide,,,,,,,,,Fire Extinguisher Carbon Dioxide No.95,,ชั้น 11 | โถงทางเดินหน้าประชุม 2,,,,,,,,,,,,,,,,,โรงพยาบาล 100B - ชั้น 11,,,,,,CRA,,,
Badger,B10V-1,100B01-FP-FECO-12.FL-0001,H01506699,,Fire Extinguisher Carbon Dioxide,,,,,,,,,Fire Extinguisher Carbon Dioxide No.96,,ชั้น 12 | ตู้ดับเพลิงโถงลิฟต์ดับเพลิง,,,,,,,,,,,,,,,,,โรงพยาบาล 100B - ชั้น 12,,,,,,CRA,,,
Buckeye,456 10 CD,100B01-FP-FECO-12.FL-0002,AC-280695,,Fire Extinguisher Carbon Dioxide,,,,,,,,,Fire Extinguisher Carbon Dioxide No.97,,ชั้น 12 | ตู้ดับเพลิงหน้าบันไดหนีไฟ ST-2,,,,,,,,,,,,,,,,,โรงพยาบาล 100B - ชั้น 12,,,,,,CRA,,,
Badger,B10V-1,100B01-FP-FECO-12.FL-0003,H01506711,,Fire Extinguisher Carbon Dioxide,,,,,,,,,Fire Extinguisher Carbon Dioxide No.98,,ชั้น 12 | ตู้ดับเพลิงหน้าบันไดหนีไฟ ST-3,,,,,,,,,,,,,,,,,โรงพยาบาล 100B - ชั้น 12,,,,,,CRA,,,
Buckeye,456 10 CD,100B01-FP-FECO-12.FL-0004,AC-280657,,Fire Extinguisher Carbon Dioxide,,,,,,,,,Fire Extinguisher Carbon Dioxide No.99,,ชั้น 12 | ทางเดินด้านหลังฝั่งชาร์ปไฟฟ้า,,,,,,,,,,,,,,,,,โรงพยาบาล 100B - ชั้น 12,,,,,,CRA,,,
Buckeye,456 10 CD,100B01-FP-FECO-12.FL-0005,AC-281007,,Fire Extinguisher Carbon Dioxide,,,,,,,,,Fire Extinguisher Carbon Dioxide No.100,,ชั้น 12 | หน้าตู้ FHC  12-3,,,,,,,,,,,,,,,,,โรงพยาบาล 100B - ชั้น 12,,,,,,CRA,,,
Buckeye,456 10 CD,100B01-FP-FECO-14.FL-0001,AC-280755,,Fire Extinguisher Carbon Dioxide,,,,,,,,,Fire Extinguisher Carbon Dioxide No.101,,ชั้น 14 | ตู้ดับเพลิงโถงลิฟต์ดับเพลิง,,,,,,,,,,,,,,,,,โรงพยาบาล 100B - ชั้น 14,,,,,,CRA,,,
Badger,B10V-1,100B01-FP-FECO-14.FL-0002,H00506773,,Fire Extinguisher Carbon Dioxide,,,,,,,,,Fire Extinguisher Carbon Dioxide No.102,,ชั้น 14 | ตู้ดับเพลิงหน้าบันไดหนีไฟ ST-2,,,,,,,,,,,,,,,,,โรงพยาบาล 100B - ชั้น 14,,,,,,CRA,,,
Badger,B10V-2,100B01-FP-FECO-14.FL-0003,H01506764,,Fire Extinguisher Carbon Dioxide,,,,,,,,,Fire Extinguisher Carbon Dioxide No.103,,ชั้น 14 | ตู้ดับเพลิงหน้าบันไดหนีไฟ ST-3,,,,,,,,,,,,,,,,,โรงพยาบาล 100B - ชั้น 14,,,,,,CRA,,,
Buckeye,456 10 CD,100B01-FP-FECO-14.FL-0004,AC-281036,,Fire Extinguisher Carbon Dioxide,,,,,,,,,Fire Extinguisher Carbon Dioxide No.104,,ชั้น 14 | หน้าตู้ FHC 14-3,,,,,,,,,,,,,,,,,โรงพยาบาล 100B - ชั้น 14,,,,,,CRA,,,
Buckeye,456 10 CD,100B01-FP-FECO-14.FL-0005,AC-280761,,Fire Extinguisher Carbon Dioxide,,,,,,,,,Fire Extinguisher Carbon Dioxide No.105,,ชั้น 14 | ทางเดินด้านหลังฝั่งชาร์ปไฟฟ้า,,,,,,,,,,,,,,,,,โรงพยาบาล 100B - ชั้น 14,,,,,,CRA,,,
Badger,B10V-1,100B01-FP-FECO-RF.FL-0001,H01506767,,Fire Extinguisher Carbon Dioxide,,,,,,,,,Fire Extinguisher Carbon Dioxide No.106,,ชั้น RF | ตู้ดับเพลิง FHC-R1-1,,,,,,,,,,,,,,,,,โรงพยาบาล 100B - ชั้น RF,,,,,,CRA,,,
Buckeye,456 10 CD,100B01-FP-FECO-RF.FL-0002,AC-280714,,Fire Extinguisher Carbon Dioxide,,,,,,,,,Fire Extinguisher Carbon Dioxide No.107,,ชั้น RF | ห้องเครื่องลิฟต์ 3 ตัว,,,,,,,,,,,,,,,,,โรงพยาบาล 100B - ชั้น RF,,,,,,CRA,,,
Buckeye,457 10 CD,100B01-FP-FECO-RF.FL-0003,AC-280698,,Fire Extinguisher Carbon Dioxide,,,,,,,,,Fire Extinguisher Carbon Dioxide No.108,,ชั้น RF | ห้องเครื่องลิฟต์ 4 ตัว,,,,,,,,,,,,,,,,,โรงพยาบาล 100B - ชั้น RF,,,,,,CRA,,,
Buckeye,458 10 CD,100B01-FP-FECO-RF.FL-0004,-,,Fire Extinguisher Carbon Dioxide,,,,,,,,,Fire Extinguisher Carbon Dioxide No.109,,ชั้น RF | ห้องลิฟต์ขนของ,,,,,,,,,,,,,,,,,โรงพยาบาล 100B - ชั้น RF,,,,,,CRA,,,
Buckeye,459 10 CD,100B01-FP-FECO-RF.FL-0005,-,,Fire Extinguisher Carbon Dioxide,,,,,,,,,Fire Extinguisher Carbon Dioxide No.110,,ชั้น RF | ห้องลิฟต์ส่วนพระองค์,,,,,,,,,,,,,,,,,โรงพยาบาล 100B - ชั้น RF,,,,,,CRA,,,
